Site,Plot,Tag,Extra_tag,Species_code,DBH_cm_2018,State_2018,Date_2018,DBH_cm_2019,State_2019,Date_2019,Notes
SERC,HSLE,701,,,9.7,Alive,2018-04-13,9.8,Alive,2019-04-16,
SERC,HSLE,702,,NYSY,20.9,Alive,2018-04-13,21,Alive,2019-04-16,
SERC,HSLE,703,,LIST,44.1,Alive,2018-04-13,44.2,Alive,2019-04-16,
SERC,HSLE,704,,,55.5,Alive,2018-04-13,51.5,Alive,2019-04-16,
SERC,HSLE,705,,,44.3,Alive,2018-04-13,44.6,Alive,2019-04-16,
SERC,HSLE,706,,,39.8,Alive,2018-04-13,40,Alive,2019-04-16,
SERC,HSLE,707,,,8,Alive,2018-04-13,8.4,Alive,2019-04-16,
SERC,HSLE,708,,,30.9,Dead,2018-04-13,30.9,Dead,2019-04-16,
SERC,HSLE,709,,,34.7,Alive,2018-04-13,34.7,Alive,2019-04-16,
SERC,HSLE,710,,,6.3,Dead,2018-04-13,6.3,Dead,2019-04-16,
SERC,HSLE,711,,,47,Alive,2018-04-13,47.6,Alive,2019-04-16,
SERC,HSLE,712,,LIST,41.3,Alive,2018-04-13,41.2,Alive,2019-04-16,
SERC,HSLE,713,,ACRU,20.9,Alive,2018-04-13,39.5,Alive,2019-04-16,
SERC,HSLE,714,,,8.6,Alive,2018-04-13,8.7,Alive,2019-04-16,
SERC,HSLE,715,,,12.2,Dead,2018-04-13,12.2,Down,2019-04-16,
SERC,HSLE,716,,,6,Alive,2018-04-13,6.1,Alive,2019-04-16,
SERC,HSLE,717,,,9.7,Alive,2018-04-13,9.7,Alive,2019-04-16,
SERC,HSLE,718,,ACRU,35.6,Alive,2018-04-13,35.6,Alive,2019-04-16,
SERC,HSLE,719,,ACRU,22.3,Alive,2018-04-13,22.5,Alive,2019-04-16,
SERC,HSLE,720,,,12,Alive,2018-04-13,12,Alive,2019-04-16,2018 thought dead
SERC,HSLE,721,,,5.3,Dead,2018-04-13,5.2,Dead,2019-04-16,
SERC,HSLE,722,,,11.8,Alive,2018-04-13,11.8,Alive,2019-04-16,
SERC,HSLE,723,,,17,Alive,2018-04-13,17,Alive,2019-04-16,
SERC,HSLE,724,,QU??,91.4,Alive,2018-04-13,92.2,Alive,2019-04-16,
SERC,HSLE,725,,QU??,59,Alive,2018-04-13,59.2,Alive,2019-04-16,
SERC,HSLE,726,,ACRU,3.9,Alive,2018-04-13,3.9,Alive,2019-04-16,
SERC,HSLE,727,,QU??,8.9,Alive,2018-04-13,9,Alive,2019-04-16,
SERC,HSLE,728,,FAGR,16.1,Alive,2018-04-13,10.3,Alive,2019-04-16,
SERC,HSLE,729,,,13.1,Dead,2018-04-13,13.1,Alive,2019-04-16,
SERC,HSLE,730,,,57.3,Alive,2018-04-13,57.3,Alive,2019-04-16,
SERC,HSLE,731,,FAGR,3.7,Alive,2018-04-13,3.8,Alive,2019-04-16,
SERC,HSLE,732,,,35.1,Alive,2018-04-13,35.2,Alive,2019-04-16,
SERC,HSLE,733,,FAGR,4.7,Alive,2018-04-13,4.8,Alive,2019-04-16,
SERC,HSLE,734,,,19.9,Alive,2018-04-13,20.1,Alive,2019-04-16,
SERC,HSLE,735,,FAGR,12.2,Alive,2018-04-13,12.5,Alive,2019-04-16,
SERC,HSLE,736,,,12.1,Alive,2018-04-13,12,Alive,2019-04-16,
SERC,HSLE,737,,,7.9,Alive,2018-04-13,7.9,Alive,2019-04-16,
SERC,HSLE,738,,,40.5,Alive,2018-04-13,40.7,Alive,2019-04-16,
SERC,HSLE,739,,,9.3,Alive,2018-04-13,9.1,Alive,2019-04-16,
SERC,HSLE,740,,,25.3,Alive,2018-04-13,25.6,Alive,2019-04-16,
SERC,HSLE,741,,,27.7,Dead,2018-04-13,27.7,Dead,2019-04-16,
SERC,HSLE,742,,,,Alive,2018-04-13,,Alive,2019-04-16,"Not found, lost tag?"
SERC,HSLE,743,,FAGR,45.4,Alive,2018-04-13,45.5,Alive,2019-04-16,
SERC,HSLE,744,,,9.5,Alive,2018-04-13,9.5,Alive,2019-04-16,
SERC,HSLE,745,,,26.6,Alive,2018-04-13,26.8,Alive,2019-04-16,
SERC,HSLE,746,,FAGR,15.8,Alive,2018-04-13,16.1,Alive,2019-04-16,
SERC,HSLE,747,,,11.7,Alive,2018-04-13,11.8,Alive,2019-04-16,
SERC,HSME,801,,QU??,25,Alive,2018-04-13,25,Alive,2019-04-16,
SERC,HSME,802,,,45.3,Alive,2018-04-13,45.7,Alive,2019-04-16,
SERC,HSME,803,,,21.7,Alive,2018-04-13,21.7,Alive,2019-04-16,
SERC,HSME,804,,,70.3,Alive,2018-04-13,73.7,Alive,2019-04-16,"2018 incorrect DBH recorded, check original sheet; changed from 20.3 to 70.3"
SERC,HSME,805,,,9.2,Alive,2018-04-13,9.2,Alive,2019-04-16,
SERC,HSME,806,,,7.8,Alive,2018-04-13,7.8,Alive,2019-04-16,
SERC,HSME,807,,,9.8,Alive,2018-04-13,9.7,Alive,2019-04-16,
SERC,HSME,808,,,24.9,Alive,2018-04-13,25,Alive,2019-04-16,
SERC,HSME,809,,FAGR,23.3,Alive,2018-04-13,23.5,Alive,2019-04-16,
SERC,HSME,810,,,35.8,Alive,2018-04-13,36.2,Alive,2019-04-16,
SERC,HSME,811,,,4.6,Dead,2018-04-13,,Alive,2019-04-16,"Check this; 2019 not found, tag fell?"
SERC,HSME,812,,LITU,64.2,Alive,2018-04-13,64.5,Alive,2019-04-16,
SERC,HSME,813,,CACA,4.5,Alive,2018-04-13,4.5,Alive,2019-04-16,
SERC,HSME,814,,LITU,51.2,Alive,2018-04-13,51.5,Alive,2019-04-16,
SERC,HSME,815,,,3.3,Alive,2018-04-13,3.5,Alive,2019-04-16,
SERC,HSME,816,,,17.5,Alive,2018-04-13,17.6,Alive,2019-04-16,
SERC,HSME,817,,LITU,66.1,Alive,2018-04-13,66.6,Alive,2019-04-16,
SERC,HSME,818,,,10.2,Alive,2018-04-13,10.3,Alive,2019-04-16,
SERC,HSME,819,,FAGR,14.7,Alive,2018-04-13,15.5,Alive,2019-04-16,
SERC,HSME,820,,,35.3,Alive,2018-04-13,35.4,Alive,2019-04-16,
SERC,HSME,821,,,,Alive,2018-04-13,,Alive,2019-04-16,"Not found, lost tag?"
SERC,HSME,822,,,27.9,Alive,2018-04-13,27.9,Alive,2019-04-16,
SERC,HSME,823,,,35.7,Alive,2018-04-13,35.9,Alive,2019-04-16,
SERC,HSME,824,,FAGR,14.8,Alive,2018-04-13,14.7,Alive,2019-04-16,
SERC,HSME,825,,FAGR,30.8,Alive,2018-04-13,31.2,Alive,2019-04-16,
SERC,HSME,826,,,7.3,Dead,2018-04-13,,Alive,2019-04-16,"Not found, tag fell?"
SERC,HSME,827,,FAGR,10.2,Alive,2018-04-13,10.2,Alive,2019-04-16,
SERC,HSME,828,,,23.5,Dead,2018-04-13,23.5,Dead,2019-04-16,
SERC,HSME,829,,,38.2,Alive,2018-04-13,38.8,Alive,2019-04-16,
SERC,HSME,830,,LITU,59.4,Alive,2018-04-13,59.8,Alive,2019-04-16,
SERC,HSME,831,,,36.2,Alive,2018-04-13,36.4,Alive,2019-04-16,
SERC,HSME,832,,,8.1,Alive,2018-04-13,8,Alive,2019-04-16,
SERC,HSME,833,,,33.4,Alive,2018-04-13,33.3,Alive,2019-04-16,
SERC,HSME,834,,,8.3,Alive,2018-04-13,8.3,Alive,2019-04-16,
SERC,HSME,835,,,10,Alive,2018-04-13,10.2,Alive,2019-04-16,
SERC,HSME,836,,,43.4,Alive,2018-04-13,43.7,Alive,2019-04-16,
SERC,HSME,837,,LITU,50.1,Alive,2018-04-13,50.4,Alive,2019-04-16,
SERC,HSME,838,,,9.1,Alive,2018-04-13,9.1,Alive,2019-04-16,
SERC,HSME,839,,LITU,34.5,Alive,2018-04-13,34.8,Alive,2019-04-16,
SERC,HSME,840,,CACA,15.1,Alive,2018-04-13,15.2,Alive,2019-04-16,
SERC,HSME,841,,CACA,8.7,Alive,2018-04-13,8.6,Alive,2019-04-16,
SERC,HSME,842,,,7.2,Dead,2018-04-13,7.2,Dead,2019-04-16,
SERC,HSME,843,,LITU,46.3,Alive,2018-04-13,46.4,Alive,2019-04-16,
SERC,HSME,844,,ACRU,12.8,Alive,2018-04-13,12.6,Alive,2019-04-16,
SERC,HSME,845,,,4.5,Alive,2018-04-13,4.5,Alive,2019-04-16,
SERC,HSME,846,,,21.1,Alive,2018-04-13,21.2,Alive,2019-04-16,
SERC,HSME,847,,FAGR,16.4,Alive,2018-04-13,16.5,Alive,2019-04-16,
SERC,HSME,848,,,25.3,Alive,2018-04-13,24.1,Alive,2019-04-16,Check 2018 sheet
SERC,HSME,849,,FAGR,6.1,Alive,2018-04-13,6.3,Alive,2019-04-16,
SERC,HSME,850,,LITU,67.8,Alive,2018-04-13,68.5,Alive,2019-04-16,
SERC,HSME,851,,,11.8,Dead,2018-04-13,11.8,Dead,2019-04-16,
SERC,HSME,852,,,34.4,Alive,2018-04-13,34.7,Dead,2019-04-16,
SERC,HSME,853,,,54.9,Alive,2018-04-13,55.1,Alive,2019-04-16,
SERC,HSME,854,,,18.7,Alive,2018-04-13,18.7,Alive,2019-04-16,
SERC,HSME,855,,,9.7,Alive,2018-04-13,9.6,Alive,2019-04-16,
SERC,HSME,856,,,11.1,Alive,2018-04-13,11,Alive,2019-04-16,
SERC,HSHE,901,,FAGR,59.7,Alive,2018-04-13,59.7,Alive,2019-04-16,
SERC,HSHE,902,,FAGR,25.4,Alive,2018-04-13,24.5,Alive,2019-04-16,
SERC,HSHE,903,,FAGR,,Alive,2018-04-13,,Alive,2019-04-16,"Not found, check 2018 sheet"
SERC,HSHE,904,,FAGR,7.3,Alive,2018-04-13,7.5,Alive,2019-04-16,
SERC,HSHE,905,,LITU,37.6,Alive,2018-04-13,38,Alive,2019-04-16,
SERC,HSHE,906,,LITU,54,Alive,2018-04-13,54.3,Alive,2019-04-16,
SERC,HSHE,907,,LIST,13.6,Alive,2018-04-13,13.6,Alive,2019-04-16,
SERC,HSHE,908,,CA??,13.8,Alive,2018-04-13,13.5,Alive,2019-04-16,
SERC,HSHE,909,,FAGR,4.3,Alive,2018-04-13,4.3,Alive,2019-04-16,
SERC,HSHE,910,,QU??,20.5,Alive,2018-04-13,20.9,Alive,2019-04-16,
SERC,HSHE,911,,FAGR,11.5,Alive,2018-04-13,11.7,Alive,2019-04-16,
SERC,HSHE,912,,,16.6,Alive,2018-04-13,16.7,Alive,2019-04-16,
SERC,HSHE,913,,FAGR,16.1,Alive,2018-04-13,16.3,Alive,2019-04-16,
SERC,HSHE,914,,,43.5,Alive,2018-04-13,43.9,Alive,2019-04-16,
SERC,HSHE,915,,FAGR,5.2,Alive,2018-04-13,5.4,Alive,2019-04-16,Check 2018 sheet
SERC,HSHE,916,,,43.5,Alive,2018-04-13,43.9,Dead,2019-04-16,
SERC,HSHE,917,,FAGR,11.4,Alive,2018-04-13,11.6,Alive,2019-04-16,
SERC,HSHE,918,,CA??,47.1,Alive,2018-04-13,48.2,Alive,2019-04-16,
SERC,HSHE,919,,CA??,9.1,Dead,2018-04-13,9.1,Dead,2019-04-16,
SERC,HSHE,920,,,6,Alive,2018-04-13,6.1,Alive,2019-04-16,
SERC,HSHE,921,,ACRU,12.4,Alive,2018-04-13,12.4,Alive,2019-04-16,
SERC,HSHE,922,,QURU,54.5,Alive,2018-04-13,54.3,Alive,2019-04-16,
SERC,HSHE,923,,FAGR,9.1,Alive,2018-04-13,9.1,Alive,2019-04-16,
SERC,HSHE,924,,FAGR,10.1,Alive,2018-04-13,10.3,Alive,2019-04-16,
SERC,HSHE,925,,FAGR,23.5,Alive,2018-04-13,24,Alive,2019-04-16,
SERC,HSHE,926,,LITU,35.3,Alive,2018-04-13,35.5,Alive,2019-04-16,
SERC,HSHE,927,,LITU,49,Alive,2018-04-13,49.4,Alive,2019-04-16,
SERC,HSHE,928,,,4.6,Dead,2018-04-13,4.6,Dead,2019-04-16,
SERC,HSHE,929,,ACRU,11,Alive,2018-04-13,10.9,Alive,2019-04-16,
SERC,HSHE,930,,LITU,42,Alive,2018-04-13,42.4,Alive,2019-04-16,
SERC,HSHE,931,,ACRU,33.7,Alive,2018-04-13,33.9,Alive,2019-04-16,
SERC,HSHE,932,,LITU,56.9,Alive,2018-04-13,57.4,Alive,2019-04-16,
SERC,HSHE,933,,FAGR,2.5,Alive,2018-04-13,2.6,Alive,2019-04-16,
SERC,HSHE,934,,FAGR,12.3,Alive,2018-04-13,12.7,Alive,2019-04-16,
SERC,HSHE,935,,,25.4,Alive,2018-04-13,25.5,Alive,2019-04-16,
SERC,HSHE,936,,FAGR,5.9,Alive,2018-04-13,6,Alive,2019-04-16,
SERC,HSHE,937,,FAGR,2.3,Alive,2018-04-13,2.3,Alive,2019-04-16,
SERC,HSHE,938,,,54.2,Alive,2018-04-13,53.8,Alive,2019-04-16,
SERC,HSHE,939,,FAGR,6.7,Alive,2018-04-13,6.8,Alive,2019-04-16,
SERC,HSHE,940,,QU??,24.8,Alive,2018-04-13,24.9,Alive,2019-04-16,
SERC,HSHE,941,,NYSY,13.4,Alive,2018-04-13,13.4,Alive,2019-04-16,
SERC,HSHE,942,,ACRU,17.3,Alive,2018-04-13,17.2,Alive,2019-04-16,
SERC,HSHE,943,,,42,Alive,2018-04-13,42.3,Alive,2019-04-16,
SERC,HSHE,944,,,12.8,Alive,2018-04-13,12.5,Alive,2019-04-16,
SERC,HSHE,945,,FAGR,16.1,Alive,2018-04-13,16.3,Alive,2019-04-16,
SERC,HSHE,946,,FAGR,16.4,Alive,2018-04-13,16.7,Alive,2019-04-16,
SERC,HSHE,947,,FAGR,15.6,Alive,2018-04-13,16,Alive,2019-04-16,
SERC,HSHE,948,,,56.6,Alive,2018-04-13,57.2,Alive,2019-04-16,
SERC,HSHE,949,,,6.2,Alive,2018-04-13,6.1,Alive,2019-04-16,
SERC,HSHE,950,,,8.7,Alive,2018-04-13,8.7,Alive,2019-04-16,
SERC,MSLE,401,,NYSY,4.2,Alive,2018-04-18,4.3,Alive,2019-04-25,
SERC,MSLE,402,,FAGR,28.6,Alive,2018-04-18,28.5,Alive,2019-04-25,
SERC,MSLE,403,,ACRU,8.4,Alive,2018-04-18,8.5,Alive,2019-04-25,
SERC,MSLE,404,,FAGR,23.1,Alive,2018-04-18,23.2,Alive,2019-04-25,
SERC,MSLE,405,,QU??,55.6,Alive,2018-04-18,56.1,Alive,2019-04-25,
SERC,MSLE,406,,NYSY,7.2,Alive,2018-04-18,7.3,Alive,2019-04-25,
SERC,MSLE,407,,NYSY,8.3,Alive,2018-04-18,8.4,Alive,2019-04-25,
SERC,MSLE,408,,FAGR,18,Alive,2018-04-18,18.1,Alive,2019-04-25,
SERC,MSLE,409,,QU??,47.2,Alive,2018-04-18,47.1,Alive,2019-04-25,
SERC,MSLE,410,,NYSY,4.9,Alive,2018-04-18,4.9,Alive,2019-04-25,
SERC,MSLE,411,,NYSY,6.9,Alive,2018-04-18,7.0,Alive,2019-04-25,
SERC,MSLE,412,,NYSY,10.3,Alive,2018-04-18,10.4,Alive,2019-04-25,
SERC,MSLE,413,,ILOP,7.4,Alive,2018-04-18,7.6,Alive,2019-04-25,
SERC,MSLE,414,,ILOP,6.6,Alive,2018-04-18,7.0,Alive,2019-04-25,
SERC,MSLE,415,,ILOP,6,Alive,2018-04-18,6.1,Alive,2019-04-25,
SERC,MSLE,416,,CA??,20.6,Alive,2018-04-18,20.6,Alive,2019-04-25,
SERC,MSLE,417,,FAGR,32.3,Alive,2018-04-18,32.9,Alive,2019-04-25,
SERC,MSLE,418,,NYSY,14.1,Alive,2018-04-18,14.1,Alive,2019-04-25,
SERC,MSLE,419,,NYSY,5.7,Alive,2018-04-18,5.9,Alive,2019-04-25,
SERC,MSLE,420,,FAGR,16.1,Alive,2018-04-18,16.0,Alive,2019-04-25,
SERC,MSLE,421,,LIST,42.8,Alive,2018-04-18,42.8,Alive,2019-04-25,
SERC,MSLE,422,,NYSY,7.3,Alive,2018-04-18,7.4,Alive,2019-04-25,
SERC,MSLE,423,,FAGR,22.9,Alive,2018-04-18,23.3,Alive,2019-04-25,
SERC,MSLE,424,,,22.4,Dead,2018-04-18,22.4,Dead,2019-04-25,
SERC,MSLE,425,,FAGR,33.4,Alive,2018-04-18,34.2,Alive,2019-04-25,
SERC,MSLE,426,,NYSY,8.9,Alive,2018-04-18,9.1,Alive,2019-04-25,
SERC,MSLE,427,,LITU,46.7,Alive,2018-04-18,47.2,Alive,2019-04-25,
SERC,MSLE,428,,,42.1,Dead,2018-04-18,,Dead,2019-04-25,2019 not found
SERC,MSLE,429,,LIST,57.5,Alive,2018-04-18,57.4,Alive,2019-04-25,
SERC,MSLE,430,,,23.9,Dead,2018-04-18,23.9,Dead,2019-04-25,
SERC,MSLE,431,,FAGR,47.4,Alive,2018-04-18,48.1,Alive,2019-04-25,
SERC,MSLE,432,,NYSY,11,Alive,2018-04-18,11.1,Alive,2019-04-25,
SERC,MSLE,433,,LIST,60.8,Alive,2018-04-18,61.0,Alive,2019-04-25,
SERC,MSLE,434,,LIST,51.9,Alive,2018-04-18,52.2,Alive,2019-04-25,
SERC,MSLE,435,,FAGR,9.9,Alive,2018-04-18,10.1,Alive,2019-04-25,
SERC,MSLE,436,,FAGR,25.7,Alive,2018-04-18,26.2,Alive,2019-04-25,
SERC,MSLE,437,,NYSY,41,Alive,2018-04-18,41.1,Alive,2019-04-25,
SERC,MSLE,438,,ACRU,14.5,Alive,2018-04-18,14.5,Alive,2019-04-25,
SERC,MSLE,439,,FAGR,3.6,Alive,2018-04-18,3.7,Dead,2019-04-25,
SERC,MSLE,440,,FAGR,3.6,Alive,2018-04-18,4.3,Alive,2019-04-25,
SERC,MSLE,441,,NYSY,34.8,Alive,2018-04-18,35.0,Alive,2019-04-25,
SERC,MSLE,442,,NYSY,13,Alive,2018-04-18,13.1,Alive,2019-04-25,
SERC,MSLE,443,,FAGR,10.2,Alive,2018-04-18,10.5,Alive,2019-04-25,
SERC,MSLE,444,,CACA,16.8,Alive,2018-04-18,16.9,Alive,2019-04-25,
SERC,MSLE,445,,LIST,40.5,Alive,2018-04-18,40.9,Alive,2019-04-25,
SERC,MSLE,446,,LITU,28.7,Alive,2018-04-18,29.4,Alive,2019-04-25,
SERC,MSLE,447,,CACA,6.5,Alive,2018-04-18,6.6,Alive,2019-04-25,
SERC,MSLE,448,,LIST,62.7,Alive,2018-04-18,62.8,Alive,2019-04-25,
SERC,MSLE,449,,QU??,67.9,Dead,2018-04-18,67.9,Dead,2019-04-25,
SERC,MSLE,450,,FAGR,17.4,Alive,2018-04-18,17.9,Alive,2019-04-25,
SERC,MSME,501,,LITU,24.3,Alive,2018-04-18,24.4,Alive,2019-04-25,
SERC,MSME,502,,ACRU,23.4,Alive,2018-04-18,23.7,Alive,2019-04-25,
SERC,MSME,503,,FAGR,6.6,Alive,2018-04-18,6.7,Alive,2019-04-25,
SERC,MSME,504,,NYSY,10.2,Alive,2018-04-18,10.3,Alive,2019-04-25,
SERC,MSME,505,,FAGR,5.7,Alive,2018-04-18,5.7,Alive,2019-04-25,
SERC,MSME,506,,NYSY,7.6,Alive,2018-04-18,7.6,Alive,2019-04-25,
SERC,MSME,507,,LITU,4,Alive,2018-04-18,4.2,Alive,2019-04-25,
SERC,MSME,508,,ACRU,8.5,Alive,2018-04-18,8.5,Alive,2019-04-25,
SERC,MSME,509,,CA??,33.6,Alive,2018-04-18,33.7,Alive,2019-04-25,
SERC,MSME,510,,CA??,9.5,Alive,2018-04-18,9.5,Alive,2019-04-25,
SERC,MSME,511,,CA??,19.9,Alive,2018-04-18,19.9,Alive,2019-04-25,
SERC,MSME,512,,FAGR,12.2,Alive,2018-04-18,12.3,Alive,2019-04-25,
SERC,MSME,513,,QUAL,56.3,Alive,2018-04-18,56.4,Alive,2019-04-25,
SERC,MSME,514,,QU??,63.8,Alive,2018-04-18,63.6,Alive,2019-04-25,
SERC,MSME,515,,LITU,21.8,Alive,2018-04-18,21.8,Alive,2019-04-25,
SERC,MSME,516,,QU??,72.4,Alive,2018-04-18,73.2,Alive,2019-04-25,
SERC,MSME,517,,FAGR,21.1,Alive,2018-04-18,21.3,Alive,2019-04-25,
SERC,MSME,518,,LITU,52.8,Alive,2018-04-18,53.5,Alive,2019-04-25,
SERC,MSME,519,,FAGR,25.5,Alive,2018-04-18,25.7,Alive,2019-04-25,
SERC,MSME,520,,FAGR,43.1,Alive,2018-04-18,43.3,Alive,2019-04-25,
SERC,MSME,521,,PATO,26.5,Alive,2018-04-18,26.4,Dead,2019-04-25,
SERC,MSME,522,,NYSY,9.9,Alive,2018-04-18,10.1,Alive,2019-04-25,
SERC,MSME,523,,ILOP,11.5,Alive,2018-04-18,11.6,Alive,2019-04-25,
SERC,MSME,524,,NYSY,4.3,Alive,2018-04-18,4.5,Alive,2019-04-25,
SERC,MSME,525,,ILOP,4.4,Alive,2018-04-18,4.7,Alive,2019-04-25,
SERC,MSME,526,,FAGR,39.2,Alive,2018-04-18,39.6,Alive,2019-04-25,
SERC,MSME,527,,FAGR,14.4,Alive,2018-04-18,14.5,Alive,2019-04-25,
SERC,MSME,528,,LITU,33,Alive,2018-04-18,33.4,Alive,2019-04-25,
SERC,MSME,529,,LIST,48.9,Alive,2018-04-18,49.1,Alive,2019-04-25,
SERC,MSME,530,,LITU,52.8,Alive,2018-04-18,53.4,Alive,2019-04-25,
SERC,MSME,531,,ACRU,7.1,Alive,2018-04-18,7.4,Alive,2019-04-25,
SERC,MSME,532,,FAGR,7.5,Alive,2018-04-18,7.5,Alive,2019-04-25,
SERC,MSME,533,,FAGR,4.9,Alive,2018-04-18,5.1,Alive,2019-04-25,
SERC,MSME,534,,FAGR,25.8,Alive,2018-04-18,26.2,Alive,2019-04-25,
SERC,MSME,535,,,14.0,Dead,2018-04-18,14.0,Dead,2019-04-25,
SERC,MSME,536,,FAGR,55.6,Alive,2018-04-18,56.1,Alive,2019-04-25,
SERC,MSME,537,,LITU,55.2,Alive,2018-04-18,55.4,Alive,2019-04-25,
SERC,MSME,538,,LITU,48,Alive,2018-04-18,48.0,Alive,2019-04-25,
SERC,MSME,539,,FAGR,9.9,Alive,2018-04-18,10.0,Alive,2019-04-25,
SERC,MSME,540,,LITU,29.5,Alive,2018-04-18,29.8,Alive,2019-04-25,
SERC,MSME,541,,FAGR,32.6,Alive,2018-04-18,32.7,Alive,2019-04-25,
SERC,MSME,542,,CA??,28.4,Alive,2018-04-18,29.3,Alive,2019-04-25,
SERC,MSHE,601,,LITU,19.7,Alive,2018-04-18,19.8,Alive,2019-04-25,
SERC,MSHE,602,,LITU,19.1,Alive,2018-04-18,19.7,Alive,2019-04-25,
SERC,MSHE,603,,,53.2,Dead,2018-04-18,53.2,Dead,2019-04-25,
SERC,MSHE,604,,FAGR,25.9,Alive,2018-04-18,25.3,Alive,2019-04-25,
SERC,MSHE,605,,NYSY,34.9,Alive,2018-04-18,35.6,Alive,2019-04-25,
SERC,MSHE,606,,FAGR,5,Alive,2018-04-18,5.1,Alive,2019-04-25,
SERC,MSHE,607,,ACRU,20.5,Alive,2018-04-18,20.7,Alive,2019-04-25,
SERC,MSHE,608,,QU??,59.2,Alive,2018-04-18,59.5,Alive,2019-04-25,
SERC,MSHE,609,,NYSY,19.5,Alive,2018-04-18,19.6,Alive,2019-04-25,
SERC,MSHE,610,,,39.5,Dead,2018-04-18,39.5,Dead,2019-04-25,
SERC,MSHE,611,,LITU,10.3,Alive,2018-04-18,10.4,Alive,2019-04-25,
SERC,MSHE,612,,LITU,22.7,Alive,2018-04-18,22.9,Alive,2019-04-25,
SERC,MSHE,613,,,39.0,Dead,2018-04-18,39.0,Dead,2019-04-25,
SERC,MSHE,614,,NYSY,32.3,Alive,2018-04-18,32.4,Alive,2019-04-25,
SERC,MSHE,615,,LITU,30,Alive,2018-04-18,30.4,Alive,2019-04-25,
SERC,MSHE,616,,ILOP,12.2,Alive,2018-04-18,12.5,Alive,2019-04-25,
SERC,MSHE,617,,QUAL,53.4,Alive,2018-04-18,53.4,Alive,2019-04-25,
SERC,MSHE,618,,ACRU,13.1,Alive,2018-04-18,13.1,Alive,2019-04-25,
SERC,MSHE,619,,LITU,23.3,Alive,2018-04-18,23.5,Alive,2019-04-25,
SERC,MSHE,620,,NYSY,15,Alive,2018-04-18,14.8,Alive,2019-04-25,2019 barely alive
SERC,MSHE,621,,NYSY,21.4,Alive,2018-04-18,21.3,Alive,2019-04-25,
SERC,MSHE,622,,FAGR,14.6,Alive,2018-04-18,14.7,Alive,2019-04-25,
SERC,MSHE,623,,FAGR,53.7,Alive,2018-04-18,53.6,Alive,2019-04-25,
SERC,MSHE,624,,,62.8,Dead,2018-04-18,62.8,Dead,2019-04-25,
SERC,MSHE,625,,LITU,35.4,Alive,2018-04-18,35.8,Alive,2019-04-25,
SERC,MSHE,626,,LITU,14.8,Alive,2018-04-18,15.4,Alive,2019-04-25,
SERC,MSHE,627,,FAGR,5.8,Alive,2018-04-18,6.0,Alive,2019-04-25,
SERC,MSHE,628,,FAGR,28.9,Alive,2018-04-18,29.1,Alive,2019-04-25,
SERC,MSHE,629,,FAGR,8.6,Alive,2018-04-18,8.9,Alive,2019-04-25,
SERC,MSHE,630,,LIST,19.4,Alive,2018-04-18,19.4,Alive,2019-04-25,
SERC,MSHE,631,,FAGR,5.5,Alive,2018-04-18,5.8,Alive,2019-04-25,
SERC,MSHE,632,,NYSY,46.1,Alive,2018-04-18,46.3,Alive,2019-04-25,
SERC,MSHE,633,,NYSY,5,Alive,2018-04-18,5.0,Alive,2019-04-25,
SERC,MSHE,634,,FAGR,39.6,Alive,2018-04-18,39.6,Alive,2019-04-25,
SERC,MSHE,635,,LITU,27.6,Alive,2018-04-18,27.7,Alive,2019-04-25,
SERC,LSLE,101,FG010150,FAGR,3.4,Alive,2018-05-23,,,,
SERC,LSLE,102,FG010148,CACA,7.5,Alive,2018-05-23,,,,
SERC,LSLE,103,FG010147,FAGR,2.9,Alive,2018-05-23,,,,
SERC,LSLE,104,FG010145,FAGR,2.8,Alive,2018-05-23,,,,
SERC,LSLE,105,FG010142,FAGR,4,Alive,2018-05-23,,,,
SERC,LSLE,106,FG010143,FAGR,3.1,Alive,2018-05-23,,,,
SERC,LSLE,107,,QUAL,8.6,Alive,2018-05-23,,,,
SERC,LSLE,108,,,8.6,Dead,2018-05-23,,,,
SERC,LSLE,109,FG011155 FG011154,FAGR,33.1,Alive,2018-05-23,,,,
SERC,LSLE,110,FG010134,CA??,7.3,Alive,2018-05-23,,,,
SERC,LSLE,111,,LIST,32.7,Alive,2018-05-23,,,,
SERC,LSLE,112,,QUAL,73.6,Alive,2018-05-23,,,,
SERC,LSLE,113,FG010132,LIST,6.1,Alive,2018-05-23,,,,
SERC,LSLE,114,FG010128,LIST,8,Alive,2018-05-23,,,,
SERC,LSLE,115,FG010129,NYSY,4.4,Alive,2018-05-23,,,,
SERC,LSLE,116,,NYSY,6.2,Alive,2018-05-23,,,,
SERC,LSLE,117,FG010131,FAGR,7.2,Alive,2018-05-23,,,,
SERC,LSLE,118,FG010139,FAGR,5.6,Alive,2018-05-23,,,,
SERC,LSLE,FG010137,,FAGR,3.1,Alive,2018-05-23,,,,
SERC,LSLE,119,FG010140,NYSY,14.4,Alive,2018-05-23,,,,
SERC,LSLE,120,,QUAL,8.1,Alive,2018-05-23,,,,
SERC,LSLE,121,,,18.9,Dead,2018-05-23,,,,
SERC,LSLE,122,,QUAL,17.9,Alive,2018-05-23,,,,
SERC,LSLE,123,,LITU,47.2,Alive,2018-05-23,,,,
SERC,LSLE,124,,CACA,7.5,Alive,2018-05-23,,,,
SERC,LSLE,125,,FAGR,3.2,Alive,2018-05-23,,,,
SERC,LSLE,126,,QUAL,8.2,Alive,2018-05-23,,,,
SERC,LSLE,127,,CACA,5.2,Dead,2018-05-23,,,,
SERC,LSLE,128,,QUAL,20.8,Alive,2018-05-23,,,,
SERC,LSLE,129,,FAGR,4,Alive,2018-05-23,,,,
SERC,LSLE,130,,NYSY,28.8,Alive,2018-05-23,,,,
SERC,LSLE,131,,NYSY,5.3,Alive,2018-05-23,,,,
SERC,LSLE,132,,FAGR,2.9,Alive,2018-05-23,,,,
SERC,LSLE,133,,CACA,2.8,Alive,2018-05-23,,,,
SERC,LSLE,134,,FAGR,6.9,Alive,2018-05-23,,,,
SERC,LSLE,135,,NYSY,3.7,Alive,2018-05-23,,,,
SERC,LSLE,136,,FAGR,55.5,Alive,2018-05-23,,,,
SERC,LSLE,137,,FAGR,45.5,Alive,2018-05-23,,,,
SERC,LSLE,138,,FAGR,57.7,Alive,2018-05-23,,,,
SERC,LSLE,139,,LIST,52.6,Alive,2018-05-23,,,,
SERC,LSLE,140,,FAGR,5.5,Alive,2018-05-23,,,,
SERC,LSLE,141,,QUAL,26.7,Alive,2018-05-23,,,,
SERC,LSME,201,,FAGR,35.2,Alive,2018-05-23,,,,
SERC,LSME,202,,CACA,3.4,Alive,2018-05-23,,,,
SERC,LSME,203,,CACA,2.9,Alive,2018-05-23,,,,
SERC,LSME,FG010200,,FAGR,56.4,Alive,2018-05-23,,,,BBL 5/23/2018: diameters on FG trees taken above tag (if nailed) or at breast height (if looped)
SERC,LSME,FG010506,,CACA,3.1,Alive,2018-05-23,,,,
SERC,LSME,FG010505,,CACA,3.7,Alive,2018-05-23,,,,
SERC,LSME,FG010504,,CACA,2.2,Alive,2018-05-23,,,,
SERC,LSME,FG010503,,FAGR,3.4,Alive,2018-05-23,,,,
SERC,LSME,FG010502,,ILOP,2.9,Alive,2018-05-23,,,,
SERC,LSME,FG010501,,FAGR,2.7,Alive,2018-05-23,,,,
SERC,LSME,FG010185,,CACA,3,Alive,2018-05-23,,,,
SERC,LSME,FG010184,,FAGR,1.2,Alive,2018-05-23,,,,
SERC,LSME,FG010153,,FAGR,25.9,Alive,2018-05-23,,,,
SERC,LSME,FG010179,,FAGR,34.8,Alive,2018-05-23,,,,
SERC,LSME,FG010189,,FAGR,2.7,Alive,2018-05-23,,,,
SERC,LSME,FG010188,,CACA,2.5,Alive,2018-05-23,,,,
SERC,LSME,FG010187,,CACA,2.8,Alive,2018-05-23,,,,
SERC,LSME,FG010082,,CA??,27.6,Alive,2018-05-23,,,,
SERC,LSME,FG010081,,FAGR,3.8,Alive,2018-05-23,,,,
SERC,LSME,FG010080,,CACA,2.3,Alive,2018-05-23,,,,
SERC,LSME,,,FAGR,5.1,Alive,2018-05-23,,,,"BBL 5/23/2018: No tag, south edge of plot"
SERC,LSME,FG010194,,FAGR,6,Alive,2018-05-23,,,,
SERC,LSME,FG010195,,FAGR,7.7,Alive,2018-05-23,,,,
SERC,LSME,FG010196,,FAGR,3.6,Alive,2018-05-23,,,,
SERC,LSME,FG010197,,ACRU,12.2,Alive,2018-05-23,,,,
SERC,LSME,FG010507,,,5.6,Dead,2018-05-23,,,,
SERC,LSME,FG010508,,LITU,40,Alive,2018-05-23,,,,
SERC,LSME,,,CO??,4,Alive,2018-05-23,,,,"BBL 5/23/2018: No tag, north edge of plot"
SERC,LSME,FG010098,,FAGR,11.5,Alive,2018-05-23,,,,
SERC,LSME,FG010097,,FAGR,2.7,Alive,2018-05-23,,,,
SERC,LSME,FG010099,,FAGR,6.9,Alive,2018-05-23,,,,
SERC,LSME,FG010673,,CA??,22.1,Alive,2018-05-23,,,,
SERC,LSME,FG010198,,FAGR,6.3,Alive,2018-05-23,,,,
SERC,LSME,FG010093,,FAGR,15.1,Alive,2018-05-23,,,,
SERC,LSME,FG010089,,FAGR,9.9,Alive,2018-05-23,,,,
SERC,LSME,FG010088,,FAGR,30.4,Alive,2018-05-23,,,,
SERC,LSME,FG010098,,CACA,2.4,Alive,2018-05-23,,,,
SERC,LSME,FG010048,,,1.8,Dead,2018-05-23,,,,
SERC,LSME,FG010078,,QUAL,30.1,Alive,2018-05-23,,,,
SERC,LSME,FG010085,,FAGR,2.3,Alive,2018-05-23,,,,
SERC,LSME,FG010086,,LIST,53.1,Alive,2018-05-23,,,,
SERC,LSME,,,FAGR,2,Alive,2018-05-23,,,,"BBL 5/23/2018: No tag (broken), south edge of plot"
SERC,LSME,,,FAGR,1.7,Alive,2018-05-23,,,,BBL 5/23/2018: No tag
SERC,LSME,FG010091,,FAGR,6.3,Alive,2018-05-23,,,,
SERC,LSME,FG010267,,FAGR,31.3,Alive,2018-05-23,,,,
SERC,LSME,FG01268,,FAGR,10.5,Alive,2018-05-23,,,,
SERC,LSME,FG010262,,FAGR,11,Alive,2018-05-23,,,,
SERC,LSME,FG010263,,FAGR,20.1,Alive,2018-05-23,,,,
SERC,LSME,FG010226,,FAGR,5.4,Alive,2018-05-23,,,,
SERC,LSME,FG010274,,FAGR,4.3,Alive,2018-05-23,,,,
SERC,LSME,FG010273,,CA??,7.8,Alive,2018-05-23,,,,
SERC,LSME,FG010275,,FAGR,5.1,Alive,2018-05-23,,,,
SERC,LSME,FG010276,,QUAL,101.5,Alive,2018-05-23,,,,
SERC,LSME,FG010278,,FAGR,8.1,Alive,2018-05-23,,,,
SERC,LSME,FG010401,,FAGR,4.5,Alive,2018-05-23,,,,
SERC,LSME,FG010674,,CO??,4.3,Alive,2018-05-23,,,,
SERC,LSME,FG010282,,FAGR,9.6,Alive,2018-05-23,,,,
SERC,LSME,FG010283,,FAGR,9.3,Alive,2018-05-23,,,,
SERC,LSME,FG010284,,FAGR,18.2,Alive,2018-05-23,,,,
SERC,LSME,FG010280,,FAGR,4.5,Alive,2018-05-23,,,,
SERC,LSME,FG010281,,FAGR,10.2,Alive,2018-05-23,,,,
SERC,LSME,FG010271,,FAGR,11.8,Alive,2018-05-23,,,,
SERC,LSME,FG010385,,CACA,6.7,Alive,2018-05-23,,,,
SERC,LSME,FG010386,,QUAL,3.8,Alive,2018-05-23,,,,
SERC,LSME,FG010272,,FAGR,3.5,Alive,2018-05-23,,,,
SERC,LSME,FG010269,,FAGR,9.8,Alive,2018-05-23,,,,
SERC,LSME,FG010270,,CA??,23.9,Alive,2018-05-23,,,,
SERC,LSME,FG010381,,FAGR,9.4,Alive,2018-05-23,,,,
SERC,LSME,FG010382,,FAGR,17.1,Alive,2018-05-23,,,,
SERC,LSME,FG010367,,FAGR,16,Alive,2018-05-23,,,,
SERC,LSME,FG010679,,LIST,3.8,Alive,2018-05-23,,,,
SERC,LSHE,301,,CACA,3.6,Alive,2018-05-23,,,,
SERC,LSHE,302,,FAGR,4.6,Alive,2018-05-23,,,,
SERC,LSHE,303,,FAGR,45.6,Alive,2018-05-23,,,,
SERC,LSHE,304,,FAGR,2.4,Alive,2018-05-23,,,,
SERC,LSHE,305,,FAGR,2.8,Alive,2018-05-23,,,,
SERC,LSHE,306,,FAGR,66.4,Alive,2018-05-23,,,,
SERC,LSHE,307,,FAGR,8.9,Alive,2018-05-23,,,,
SERC,LSHE,308,,FAGR,5.2,Alive,2018-05-23,,,,
SERC,LSHE,309,,FAGR,6.2,Alive,2018-05-23,,,,
SERC,LSHE,310,,FAGR,3.3,Alive,2018-05-23,,,,
SERC,LSHE,311,,CACA,7.7,Alive,2018-05-23,,,,
SERC,LSHE,312,,FAGR,6.2,Alive,2018-05-23,,,,
SERC,LSHE,313,,FAGR,7.9,Alive,2018-05-23,,,,
SERC,LSHE,FG020009,,FAGR,12.4,Alive,2018-05-23,,,,
SERC,LSHE,FG020005,,FAGR,5,Alive,2018-05-23,,,,
SERC,LSHE,FG020003,,LIST,57.5,Alive,2018-05-23,,,,
SERC,LSHE,FG020002,,FAGR,2.4,Alive,2018-05-23,,,,
SERC,LSHE,FG010511,,FAGR,7.5,Alive,2018-05-23,,,,
SERC,LSHE,FG011175,,FAGR,1.9,Alive,2018-05-23,,,,
SERC,LSHE,FG010513,,FAGR,5,Alive,2018-05-23,,,,
SERC,LSHE,,,CA??,2.8,Alive,2018-05-23,,,,BBL 5/23/2018: No tag
SERC,LSHE,FG010510,,CA??,3.9,Alive,2018-05-23,,,,
SERC,LSHE,FG010402,,FAGR,6.2,Alive,2018-05-23,,,,
SERC,LSHE,FG010403,,FAGR,16.6,Alive,2018-05-23,,,,
SERC,LSHE,FG010515,,FAGR,6.4,Alive,2018-05-23,,,,
SERC,LSHE,FG020101,,FAGR,6.8,Alive,2018-05-23,,,,
SERC,LSHE,FG021522,,CACA,71.8,Alive,2018-05-23,,,,"BBL 5/23/2018: Tag on ground, put back on, but nail head gone"
SERC,LSHE,FG020012,,FAGR,9.8,Alive,2018-05-23,,,,
SERC,LSHE,FG020195,,FAGR,1.9,Alive,2018-05-23,,,,
SERC,LSHE,FG020108,,FAGR,33.4,Alive,2018-05-23,,,,
SERC,LSHE,FG020107,,FAGR,15.6,Alive,2018-05-23,,,,
SERC,LSHE,FG020106,,FAGR,41.7,Alive,2018-05-23,,,,
SERC,LSHE,FG020104,,FAGR,27.5,Alive,2018-05-23,,,,
SERC,LSHE,FG020102,,FAGR,52.3,Alive,2018-05-23,,,,
SERC,LSHE,FG020103,,FAGR,2.7,Alive,2018-05-23,,,,
SERC,LSHE,FG010286,,FAGR,3.7,Alive,2018-05-23,,,,
SERC,LSHE,FG010287,,,8.7,Dead,2018-05-23,,,,
SERC,LSHE,FG010285,,QURU,26.8,Alive,2018-05-23,,,,
SERC,LSHE,FG020308,,FAGR,14.6,Alive,2018-05-23,,,,
SERC,LSHE,FG020307,,QURU,12.8,Alive,2018-05-23,,,,
SERC,LSHE,FG020311,,FAGR,6.1,Alive,2018-05-23,,,,
SERC,LSHE,FG020310,,LITU,60.3,Alive,2018-05-23,,,,
SERC,LSHE,FG020312,,FAGR,5.7,Alive,2018-05-23,,,,
SERC,LSHE,FG020313,,,10.1,Dead,2018-05-23,,,,BBL 5/23/2018: Dead but has dendro band
SERC,LSHE,FG020315,,FAGR,8.3,Alive,2018-05-23,,,,
SERC,LSHE,FG020317,,,5,Dead,2018-05-23,,,,
SERC,LSHE,FG020318,,QUAL,64,Alive,2018-05-23,,,,BBL 5/23/2018: Nail very loose
SERC,LSHE,FG020320,,FAGR,4.1,Alive,2018-05-23,,,,
BC,BC-02,1,,,17.3,Alive,2018-06-26,,,,
BC,BC-02,2,,,95.7,Dead,2018-06-26,,,,
BC,BC-02,3,,,25.4,Dead,2018-06-26,,,,
BC,BC-02,4,,,10.7,Alive,2018-06-26,,,,
BC,BC-02,5,,,12.5,Alive,2018-06-26,,,,
BC,BC-02,6,,,31.5,Dead,2018-06-26,,,,From same tree as 7 -SP
BC,BC-02,7,,,43.3,Dead,2018-06-26,,,,From same tree as 6  -SP
BC,BC-02,8,,,34.8,Dead,2018-06-26,,,,
BC,BC-02,9,,,8.1,Alive,2018-06-26,,,,
BC,BC-02,10,,,8.9,Alive,2018-06-26,,,,
BC,BC-02,11,,,37.2,Dead,2018-06-26,,,,
BC,BC-02,12,,,14.9,Alive,2018-06-26,,,,
BC,BC-02,13,,,101.9,Alive,2018-06-26,,,,
BC,BC-02,14,,,19,Dead,2018-06-26,,,,
BC,BC-02,15,,,65.1,Dead,2018-06-26,,,,
BC,BC-02,16,,,92,Dead,2018-06-26,,,,
BC,BC-02,17,,,16.7,Dead,2018-06-26,,,,
BC,BC-02,18,,,9.7,Dead,2018-06-26,,,,
BC,BC-02,19,,,53,Dead,2018-06-26,,,,
BC,BC-05,20,,,35.5,Dead,2018-06-26,,,,
BC,BC-05,21,,,29.9,Dead,2018-06-26,,,,Hard to read entry - 29.9 or 29.1 - SP
BC,BC-05,22,,,218,Dead,2018-06-26,,,,
BC,BC-05,23,,,74,Alive,2018-06-26,,,,
BC,BC-05,27,,,62.3,Alive,2018-06-26,,,,
BC,BC-05,24,,,50.4,Alive,2018-06-26,,,,
BC,BC-05,26,,,17.6,Alive,2018-06-26,,,,
BC,BC-05,28,,,10,Alive,2018-06-26,,,,
BC,BC-05,29,,,71,Alive,2018-06-26,,,,
BC,BC-05,31,,,28.9,Alive,2018-06-26,,,,
BC,BC-05,30,,,57.5,Alive,2018-06-26,,,,
BC,BC-05,25,,,57.2,Alive,2018-06-26,,,,From same tree as 32 -SP
BC,BC-05,32,,,38.5,Alive,2018-06-26,,,,From same tree as 25 - SP
BC,BC-05,43,,,24.2,Dead,2018-06-26,,,,
BC,BC-05,33,,,38,Alive,2018-06-26,,,,
BC,BC-05,34,,,49.6,Alive,2018-06-26,,,,
BC,BC-05,35,,,15.5,Alive,2018-06-26,,,,
BC,BC-05,36,,,34.1,Dead,2018-06-26,,,,
BC,BC-05,37,,,9,Alive,2018-06-26,,,,
BC,BC-05,38,,,16.9,Dead,2018-06-26,,,,
BC,BC-05,42,,,48.4,Alive,2018-06-26,,,,
BC,BC-05,41,,,31.8,Alive,2018-06-26,,,,
BC,BC-05,40,,,29.5,Alive,2018-06-26,,,,
BC,BC-05,45,,,29.5,Alive,2018-06-26,,,,
BC,BC-05,46,,,21.2,Alive,2018-06-26,,,,
BC,BC-05,47,,,26.5,Alive,2018-06-26,,,,
BC,BC-05,48,,,11.5,Alive,2018-06-26,,,,
BC,BC-05,49,,,21.4,Alive,2018-06-26,,,,
BC,BC-05,50,,,9.2,Dead,2018-06-26,,,,
BC,BC-05,51,,,7.2,Dead,2018-06-26,,,,
BC,BC-05,52,,,25.6,Alive,2018-06-26,,,,
BC,BC-05,53,,,4.3,Dead,2018-06-26,,,,
BC,BC-05,54,,,12.6,Dead,2018-06-26,,,,
BC,BC-05,55,,,22.9,Alive,2018-06-26,,,,
BC,BC-05,57,,,9.2,Alive,2018-06-26,,,,
BC,BC-05,58,,,7.6,Dead,2018-06-26,,,,
BC,BC-05,56,,,11,Alive,2018-06-26,,,,
BC,BC-05,77,,,33.7,Alive,2018-06-26,,,,
BC,BC-05,61,,,15,Dead,2018-06-26,,,,
BC,BC-05,60,,,14,Dead,2018-06-26,,,,
BC,BC-05,59,,,12.3,Dead,2018-06-26,,,,
BC,BC-05,81,,,40.2,Alive,2018-06-26,,,,
BC,BC-05,80,,,35.1,Alive,2018-06-26,,,,
BC,BC-05,82,,,26.1,Alive,2018-06-26,,,,
BC,BC-05,79,,,31.3,Alive,2018-06-26,,,,
BC,BC-05,78,,,31.7,Alive,2018-06-26,,,,
BC,BC-05,75,,,8.3,Dead,2018-06-26,,,,
BC,BC-05,76,,,5.7,Dead,2018-06-26,,,,
BC,BC-05,74,,,8.5,Dead,2018-06-26,,,,
BC,BC-05,73,,,30.3,Alive,2018-06-26,,,,
BC,BC-05,72,,,25.5,Alive,2018-06-26,,,,
BC,BC-05,71,,,13.4,Dead,2018-06-26,,,,
BC,BC-05,70,,,32.3,Alive,2018-06-26,,,,
BC,BC-05,69,,,9,Dead,2018-06-26,,,,
BC,BC-05,68,,,6.1,Dead,2018-06-26,,,,
BC,BC-05,67,,,48.1,Alive,2018-06-26,,,,
BC,BC-05,66,,,10.1,Dead,2018-06-26,,,,
BC,BC-05,65,,,11.4,Alive,2018-06-26,,,,
BC,BC-05,63,,,29.7,Alive,2018-06-26,,,,
BC,BC-05,64,,,18.5,Alive,2018-06-26,,,,
BC,BC-05,62,,,26.8,Alive,2018-06-26,,,,
BC,BC-05,83,,,13.1,Dead,2018-06-26,,,,
BC,BC-05,84,,,31.5,Alive,2018-06-26,,,,
BC,BC-05,89,,,13.2,Dead,2018-06-26,,,,
BC,BC-05,90,,,13.1,Dead,2018-06-26,,,,
BC,BC-05,91,,,32.7,Alive,2018-06-26,,,,
BC,BC-05,86,,,17,Dead,2018-06-26,,,,
BC,BC-05,85,,,8.7,Dead,2018-06-26,,,,
BC,BC-05,87,,,16,Alive,2018-06-26,,,,
BC,BC-05,88,,,16.3,Dead,2018-06-26,,,,
BC,BC-05,92,,,8.5,Dead,2018-06-26,,,,
BC,BC-05,93,,,33.8,Alive,2018-06-26,,,,
BC,BC-05,94,,,11.2,Dead,2018-06-26,,,,
BC,BC-05,95,,,10.9,Dead,2018-06-26,,,,
BC,BC-05,860,,,29.5,Alive,2018-06-26,,,,
BC,BC-05,859,,,28.3,Alive,2018-06-26,,,,
BC,BC-05,100,,,17.5,Alive,2018-06-26,,,,
BC,BC-05,857,,,18.3,Alive,2018-06-26,,,,
BC,BC-05,858,,,18.9,Dead,2018-06-26,,,,
BC,BC-05,99,,,12.7,Dead,2018-06-26,,,,
BC,BC-05,97,,,13.8,Dead,2018-06-26,,,,
BC,BC-05,96,,,41.2,Alive,2018-06-26,,,,
BC,BC-05,98,,,4.7,Dead,2018-06-26,,,,
BC,BC-05,875,,,35,Alive,2018-06-26,,,,
BC,BC-05,876,,,13.8,Dead,2018-06-26,,,,
BC,BC-05,877,,,24.7,Alive,2018-06-26,,,,
BC,BC-05,878,,,10.3,Dead,2018-06-26,,,,
BC,BC-05,879,,,16,Dead,2018-06-26,,,,
BC,BC-05,880,,,35.9,Alive,2018-06-26,,,,
BC,BC-05,881,,,5.6,Dead,2018-06-26,,,,
BC,BC-05,882,,,25.2,Alive,2018-06-26,,,,
BC,BC-05,883,,,44.5,Alive,2018-06-26,,,,
BC,BC-05,874,,,19.9,Alive,2018-06-26,,,,
BC,BC-05,873,,,30.7,Alive,2018-06-26,,,,
BC,BC-05,872,,,20.9,Alive,2018-06-26,,,,
BC,BC-05,871,,,17.5,Alive,2018-06-26,,,,
BC,BC-05,870,,,4.7,Dead,2018-06-26,,,,
BC,BC-05,869,,,13.9,Dead,2018-06-26,,,,
BC,BC-05,868,,,8.1,Dead,2018-06-26,,,,
BC,BC-05,867,,,9.5,Dead,2018-06-26,,,,
BC,BC-05,863,,,19.4,Dead,2018-06-26,,,,
BC,BC-05,864,,,29.2,Alive,2018-06-26,,,,
BC,BC-05,862,,,8.5,Alive,2018-06-26,,,,
BC,BC-05,861,,,8.5,Dead,2018-06-26,,,,
BC,BC-05,895,,,32,Alive,2018-06-26,,,,
BC,BC-05,896,,,16.3,Alive,2018-06-26,,,,
BC,BC-05,897,,,10.9,Dead,2018-06-26,,,,
BC,BC-05,894,,,14,Dead,2018-06-26,,,,
BC,BC-05,893,,,22,Alive,2018-06-26,,,,
BC,BC-05,892,,,46.8,Alive,2018-06-26,,,,
BC,BC-05,865,,,33.1,Alive,2018-06-26,,,,
BC,BC-05,866,,,33.9,Alive,2018-06-26,,,,
BC,BC-05,890,,,33.1,Alive,2018-06-26,,,,
BC,BC-05,889,,,27.8,Alive,2018-06-26,,,,
BC,BC-05,888,,,4.7,Dead,2018-06-26,,,,
BC,BC-05,884,,,27.1,Dead,2018-06-26,,,,
BC,BC-05,885,,,13.5,Dead,2018-06-26,,,,
BC,BC-05,886,,,16.3,Dead,2018-06-26,,,,
BC,BC-05,887,,,13,Dead,2018-06-26,,,,
BC,BC-12,451,,,89.7,Alive,2018-06-26,,,,
BC,BC-12,452,,,18,Alive,2018-06-26,,,,
BC,BC-12,453,,,24.3,Alive,2018-06-26,,,,
BC,BC-12,454,,,18,Alive,2018-06-26,,,,
BC,BC-12,455,,,45.3,Dead,2018-06-26,,,,
BC,BC-12,456,,,9,Dead,2018-06-26,,,,
BC,BC-12,457,,,8.8,Dead,2018-06-26,,,,
BC,BC-12,458,,,24.4,Dead,2018-06-26,,,,
BC,BC-12,459,,,11.9,Dead,2018-06-26,,,,
BC,BC-12,460,,,22,Dead,2018-06-26,,,,
BC,BC-12,461,,,21.5,Dead,2018-06-26,,,,
BC,BC-12,462,,,28,Dead,2018-06-26,,,,
BC,BC-12,463,,,17.7,Dead,2018-06-26,,,,
BC,BC-12,464,,,45.4,Dead,2018-06-26,,,,
BC,BC-12,465,,,87,Alive,2018-06-26,,,,
BC,BC-12,466,,,4.9,Dead,2018-06-26,,,,
BC,BC-12,467,,,14.8,Dead,2018-06-26,,,,
BC,BC-12,468,,,25.9,Dead,2018-06-26,,,,
BC,BC-12,469,,,25.2,Dead,2018-06-26,,,,
BC,BC-12,470,,,64.8,Dead,2018-06-26,,,,
